Application Status,Average Loan Amount,Average Applicant Income,Number of Applications
Approved / Originated,344000.08294937824,166.6858413926499,132611
Denied,260913.48635534602,132.0131925195607,29059
